capability_id,capability,domain,description,status,normative_refs,source_refs,prerequisites,dependents,corpus_direct,corpus_indirect,unlock_basis,affected_rules,risk,priority,proposed_wave,blocked_by_normative,notes
CAP-ACTION-001,Modelo tipado de acciones y comandos,action,"Acciones de juego tipadas con actor, versión esperada y parámetros persistibles.",SUPPORTED,N-TOKEN-03,"docs/FANTASY_TOKENS_BACKEND_GAP_AUDIT.md §8; docs/audits/STATIC_RULE_COVERAGE_AUDIT_2026-09-03.md §§2,5-6; docs/UNIVERSAL_MECHANICS_MATRIX.md",,CAP-ACTION-002;CAP-ACTION-003;CAP-COST-001;CAP-ZONE-001;CAP-TIME-003;CAP-STATE-001;CAP-EFFECT-001,431 entradas: alcance transversal; conteo exacto por capability no publicado,386 identidades / 45 variantes: impacto indirecto no sumado,infraestructura transversal verificada; no es un conteo de cartas,texto particular; comandos generales,MEDIUM,P1,W2,NO,Recorrido comprobado: modelo → comando → validación → resolución → replay → proyección → pruebas.
CAP-ACTION-002,Enumeración y revalidación de acciones legales,action,Paridad entre acciones/opciones ofrecidas y validación autoritativa al ejecutar.,SUPPORTED,N-PHASE-08;N-COMBAT-01,"docs/FANTASY_TOKENS_BACKEND_GAP_AUDIT.md §8; docs/audits/STATIC_RULE_COVERAGE_AUDIT_2026-09-03.md §§2,5-6; docs/UNIVERSAL_MECHANICS_MATRIX.md",CAP-ACTION-001,CAP-SECRET-002;CAP-TARGET-001;CAP-TIME-003;CAP-TIME-004,431 entradas: alcance transversal; conteo exacto por capability no publicado,386 identidades / 45 variantes: impacto indirecto no sumado,infraestructura transversal verificada; desbloqueo indirecto,prioridad; fases; combate,HIGH,P0,W0,NO,Las opciones opacas evitan filtrar información privada; CAS y versión se revalidan.
CAP-ACTION-003,"Transacción, rollback y determinismo",action,"Aplicación atómica con RNG/orden estable, checksum, snapshot y replay.",SUPPORTED,N-COST-02;N-PHASE-09,"docs/FANTASY_TOKENS_BACKEND_GAP_AUDIT.md §8; docs/audits/STATIC_RULE_COVERAGE_AUDIT_2026-09-03.md §§2,5-6; docs/UNIVERSAL_MECHANICS_MATRIX.md",CAP-ACTION-001,CAP-COST-002;CAP-ZONE-002;CAP-ZONE-003;CAP-STACK-001;CAP-SEARCH-002;CAP-TRANSMUTE-001;CAP-EFFECT-003,431 entradas: alcance transversal; conteo exacto por capability no publicado,386 identidades / 45 variantes: impacto indirecto no sumado,infraestructura transversal verificada; prerequisite,pagos; movimientos; pila,CRITICAL,P0,W0,NO,"Soporte transversal, no prueba por sí mismo semántica completa de una carta."
CAP-COST-001,Modelo declarativo de costes,cost,"Representa Pasos, giro, sacrificio, Fuerza, Heridas, descarte y molienda.",SUPPORTED,N-COST-01;N-COST-02;N-COST-03,"docs/FANTASY_TOKENS_BACKEND_GAP_AUDIT.md §8; docs/audits/STATIC_RULE_COVERAGE_AUDIT_2026-09-03.md §§2,5-6; docs/UNIVERSAL_MECHANICS_MATRIX.md",CAP-ACTION-001,CAP-COST-002;CAP-COST-003;CAP-COST-004,431 entradas: alcance transversal; conteo exacto por capability no publicado,386 identidades / 45 variantes: impacto indirecto no sumado,selector costes= de las 431 entradas; sin agregado publicado,coste impreso; equipar,MEDIUM,P1,W2,NO,
CAP-COST-002,"Preflight, determinación y pago atómico",cost,"Determina y congela el coste, valida todos los componentes, paga como unidad y sólo después resuelve.",SUPPORTED,N-COST-01;N-COST-02,"docs/FANTASY_TOKENS_BACKEND_GAP_AUDIT.md §8; docs/audits/STATIC_RULE_COVERAGE_AUDIT_2026-09-03.md §§2,5-6; docs/UNIVERSAL_MECHANICS_MATRIX.md",CAP-ACTION-003;CAP-COST-001,CAP-COST-003;CAP-COST-004;CAP-COST-005;CAP-STACK-001;CAP-ATTACH-001,431 entradas: alcance transversal; conteo exacto por capability no publicado,386 identidades / 45 variantes: impacto indirecto no sumado,infraestructura transversal y pruebas de rollback; prerequisite,costes; pago previo,CRITICAL,P0,W0,NO,"El enum o resolutor aislado no bastó: incluye opciones legales, persistencia/replay y proyección."
CAP-COST-003,Costes adicionales y compuestos,cost,Combina simultáneamente componentes heterogéneos y conserva la causa de los movimientos.,SUPPORTED,N-COST-02;N-TOKEN-03,"docs/FANTASY_TOKENS_BACKEND_GAP_AUDIT.md §8; docs/audits/STATIC_RULE_COVERAGE_AUDIT_2026-09-03.md §§2,5-6; docs/UNIVERSAL_MECHANICS_MATRIX.md",CAP-COST-001;CAP-COST-002,CAP-EFFECT-003,431 entradas: alcance transversal; conteo exacto por capability no publicado,386 identidades / 45 variantes: impacto indirecto no sumado,selector costes adicionales en §4; conteo exacto no agregado,sacrificio; descarte; giro; Fuerza; Heridas,HIGH,P0,W1,NO,
CAP-COST-004,Costes alternativos,cost,Elige exactamente una alternativa sin sumarla al coste normal.,SUPPORTED,N-COST-02;N-TOKEN-03,"docs/FANTASY_TOKENS_BACKEND_GAP_AUDIT.md §8; docs/audits/STATIC_RULE_COVERAGE_AUDIT_2026-09-03.md §§2,5-6; docs/UNIVERSAL_MECHANICS_MATRIX.md",CAP-COST-001;CAP-COST-002,CAP-SECRET-002,431 entradas: alcance transversal; conteo exacto por capability no publicado,386 identidades / 45 variantes: impacto indirecto no sumado,selector alternativas del corpus; conteo exacto no agregado,costes alternativos,MEDIUM,P1,W2,NO,
CAP-COST-005,Costes dinámicos,cost,Calcula métricas declaradas al anunciar y congela el resultado en la pila.,SUPPORTED,N-COST-01;N-TOKEN-03,"docs/FANTASY_TOKENS_BACKEND_GAP_AUDIT.md §8; docs/audits/STATIC_RULE_COVERAGE_AUDIT_2026-09-03.md §§2,5-6; docs/UNIVERSAL_MECHANICS_MATRIX.md",CAP-COST-002,CAP-COST-006;CAP-EFFECT-003,431 entradas: alcance transversal; conteo exacto por capability no publicado,386 identidades / 45 variantes: impacto indirecto no sumado,selector cantidades variables del corpus; conteo exacto no agregado,cantidades dinámicas,MEDIUM,P1,W2,NO,
CAP-COST-006,Costes y escala X,cost,Valida X entero y límites; escala un componente de coste y efectos declarados.,SUPPORTED,N-COST-01;N-TOKEN-03,"docs/FANTASY_TOKENS_BACKEND_GAP_AUDIT.md §8; docs/audits/STATIC_RULE_COVERAGE_AUDIT_2026-09-03.md §§2,5-6; docs/UNIVERSAL_MECHANICS_MATRIX.md",CAP-COST-005,CAP-EFFECT-003,431 entradas: alcance transversal; conteo exacto por capability no publicado,386 identidades / 45 variantes: impacto indirecto no sumado,selector X en descomposición mecánica; conteo exacto no agregado,X,MEDIUM,P1,W2,NO,
CAP-ZONE-001,Ownership y control,zone,"Propietario inmutable, controlador mutable y destinos personales por propietario.",SUPPORTED,N-ZONE-02;N-TRANSMUTATION-01,"docs/FANTASY_TOKENS_BACKEND_GAP_AUDIT.md §8; docs/audits/STATIC_RULE_COVERAGE_AUDIT_2026-09-03.md §§2,5-6; docs/UNIVERSAL_MECHANICS_MATRIX.md",CAP-ACTION-001,CAP-ZONE-002;CAP-EFFECT-006,431 entradas: alcance transversal; conteo exacto por capability no publicado,386 identidades / 45 variantes: impacto indirecto no sumado,infraestructura transversal; impacto indirecto,control; cambio de control; destinos,MEDIUM,P1,W2,NO,
CAP-ZONE-002,Zonas base y transiciones,zone,"Mazo, mano, tablero, descarte y exilio con zonas técnicas de resolución/revelado.",SUPPORTED,N-ZONE-01;N-ZONE-02;N-ZONE-03,"docs/FANTASY_TOKENS_BACKEND_GAP_AUDIT.md §8; docs/audits/STATIC_RULE_COVERAGE_AUDIT_2026-09-03.md §§2,5-6; docs/UNIVERSAL_MECHANICS_MATRIX.md",CAP-ACTION-003;CAP-ZONE-001,CAP-ZONE-003;CAP-PRIVACY-001;CAP-SECRET-001;CAP-TIME-001;CAP-STATE-002;CAP-DAMAGE-003;CAP-ATTACH-001;CAP-SEARCH-001,431 entradas: alcance transversal; conteo exacto por capability no publicado,386 identidades / 45 variantes: impacto indirecto no sumado,431 entradas auditadas por movimientos/visibilidad; sin suma por capability,zonas; reciclaje; ocultación,MEDIUM,P1,W2,NO,
CAP-ZONE-003,Puerta uniforme de cambio de zona,zone,"Canal único que emita origen, destino, causa, lote, audiencia y estado anterior para todo movimiento.",PARTIAL,N-ZONE-01;N-ZONE-02;N-ZONE-03;N-TRANSMUTATION-01,docs/CARD_CORPUS_CONFORMANCE.md §§1-4; docs/FANTASY_TOKENS_BACKEND_GAP_AUDIT.md §8,CAP-ACTION-003;CAP-ZONE-002,CAP-ZONE-004;CAP-ZONE-005;CAP-ZONE-006;CAP-ATTACH-001;CAP-SEARCH-003;CAP-EFFECT-003;CAP-EFFECT-004;CAP-EFFECT-005,431 entradas: alcance transversal; conteo exacto por capability no publicado,386 identidades / 45 variantes: impacto indirecto no sumado,selector movimientos en filas PARTIAL/MISSING; intervalo trazable no publicado,movimientos; limpieza; entrada/salida,CRITICAL,P0,W1,NO,"Existen movimientos y reemplazos parciales, pero rutas directas no comparten un evento causal completo."
CAP-ZONE-004,Reemplazos de transición,zone,"Selecciona y aplica reemplazos antes del movimiento, ordenados y sin aplicación parcial.",PARTIAL,N-ZONE-01;N-ZONE-03;N-TRANSMUTATION-01,docs/CARD_CORPUS_CONFORMANCE.md §§1-4; docs/FANTASY_TOKENS_BACKEND_GAP_AUDIT.md §8,CAP-ZONE-003;CAP-SECRET-002,CAP-ZONE-005;CAP-TRANSMUTE-001,431 entradas: alcance transversal; conteo exacto por capability no publicado,386 identidades / 45 variantes: impacto indirecto no sumado,selector «si fuera a ir/salir»; intervalo trazable,reemplazo de zona,HIGH,P0,W1,NO,
CAP-ZONE-005,Triggers generales de salida,zone,"Dispara por destrucción, sacrificio, descarte o salida conservando causa y controlador anterior.",MISSING,N-ZONE-03;N-TRANSMUTATION-01,docs/CARD_CORPUS_CONFORMANCE.md §§1-4; docs/FANTASY_TOKENS_BACKEND_GAP_AUDIT.md §8,CAP-ZONE-003;CAP-ZONE-004;CAP-ZONE-006;CAP-STACK-001;CAP-TRIGGER-001,CAP-EFFECT-003,431 entradas: alcance transversal; conteo exacto por capability no publicado,386 identidades / 45 variantes: impacto indirecto no sumado,selector ON_DESTROYED/ON-MOVE_DISCARD/salida en filas PARTIAL/MISSING,triggers de salida; sacrificio; descarte,CRITICAL,P0,W1,NO,ON_TRANSMUTED no sustituye un trigger universal de salida.
CAP-ZONE-006,Last-known information,zone,"Captura definición efectiva, controlador, estado y audiencia anteriores al abandonar una zona.",MISSING,N-ZONE-02;N-ZONE-03,docs/CARD_CORPUS_CONFORMANCE.md §§1-4; docs/FANTASY_TOKENS_BACKEND_GAP_AUDIT.md §8,CAP-ZONE-003;CAP-PRIVACY-001,CAP-ZONE-005;CAP-EFFECT-003,431 entradas: alcance transversal; conteo exacto por capability no publicado,386 identidades / 45 variantes: impacto indirecto no sumado,prerequisite arquitectónico; no atribuible con exactitud a entradas,salida; efectos de fuente ausente,CRITICAL,P0,W1,NO,
CAP-PRIVACY-001,Proyección pública por audiencia,privacy,"Oculta mano, orden de mazo, candidatos y detalles de pila; conserva vista propia autorizada.",SUPPORTED,N-ZONE-02,"docs/FANTASY_TOKENS_BACKEND_GAP_AUDIT.md §8; docs/audits/STATIC_RULE_COVERAGE_AUDIT_2026-09-03.md §§2,5-6; docs/UNIVERSAL_MECHANICS_MATRIX.md",CAP-ZONE-002,CAP-ZONE-006;CAP-SECRET-001;CAP-SECRET-002;CAP-TIME-001;CAP-SEARCH-001;CAP-COMBAT-005,431 entradas: alcance transversal; conteo exacto por capability no publicado,386 identidades / 45 variantes: impacto indirecto no sumado,431 entradas bajo régimen de visibilidad; prerequisite,zonas ocultas,CRITICAL,P0,W0,NO,
CAP-SECRET-001,Mirar sin revelar,privacy,Permite observar privadamente una zona/subconjunto sin emitir revelación pública.,MISSING,N-ZONE-02,docs/CARD_CORPUS_CONFORMANCE.md §§1-4; docs/FANTASY_TOKENS_BACKEND_GAP_AUDIT.md §8,CAP-ZONE-002;CAP-PRIVACY-001,CAP-SECRET-002;CAP-SEARCH-002;CAP-SEARCH-003,431 entradas: alcance transversal; conteo exacto por capability no publicado,386 identidades / 45 variantes: impacto indirecto no sumado,selector visibilidad OCULTA del corpus; intervalo trazable,mirar; información oculta,HIGH,P0,W1,NO,
CAP-SECRET-002,Elección secreta y compuesta,privacy,"PendingChoice tipada con elector, audiencia, candidatos, cardinalidad, modo, orden y option token.",PARTIAL,N-ZONE-02;N-TOKEN-03,docs/CARD_CORPUS_CONFORMANCE.md §§1-4; docs/FANTASY_TOKENS_BACKEND_GAP_AUDIT.md §8,CAP-ACTION-002;CAP-COST-004;CAP-PRIVACY-001;CAP-SECRET-001,CAP-ZONE-004;CAP-TIME-002;CAP-TRIGGER-001;CAP-SEARCH-002;CAP-SEARCH-003;CAP-COMBAT-002;CAP-EFFECT-003;CAP-EFFECT-005,431 entradas: alcance transversal; conteo exacto por capability no publicado,386 identidades / 45 variantes: impacto indirecto no sumado,selector elige/top-N/alternativas/reordenación en PARTIAL/MISSING,elecciones; privacidad; orden,CRITICAL,P0,W1,NO,PendingSearch y elecciones de reemplazo cubren sólo subconjuntos.
CAP-TARGET-001,Targets tipados y congelados,targeting,"Valida targets al anunciar, congela procedencia/selección y revalida al resolver.",SUPPORTED,N-TOKEN-03;N-COMBAT-01,"docs/FANTASY_TOKENS_BACKEND_GAP_AUDIT.md §8; docs/audits/STATIC_RULE_COVERAGE_AUDIT_2026-09-03.md §§2,5-6; docs/UNIVERSAL_MECHANICS_MATRIX.md",CAP-ACTION-002,CAP-TARGET-002;CAP-TRANSFORM-002;CAP-IMMUNITY-001;CAP-EFFECT-001,431 entradas: alcance transversal; conteo exacto por capability no publicado,386 identidades / 45 variantes: impacto indirecto no sumado,selector targets= del corpus; conteo exacto no agregado,objetivo; ilegalidad al resolver,HIGH,P0,W0,NO,
CAP-TARGET-002,Selectores multidimensionales,targeting,"Filtra por tipo, rango, subtipo, dominio, keyword, identidad, controlador, zona y visibilidad con semántica AND/OR explícita.",PARTIAL,N-TOKEN-01;N-ZONE-02,docs/TOKEN_TYPES_MATRIX.md §§2-4; docs/CANONICAL_TAXONOMY.md §§2-5,CAP-TARGET-001;CAP-TAXONOMY-001;CAP-TAXONOMY-002;CAP-TAXONOMY-003,CAP-SEARCH-001;CAP-EFFECT-002,431 entradas: alcance transversal; conteo exacto por capability no publicado,386 identidades / 45 variantes: impacto indirecto no sumado,"431 entradas auditadas; familias de §3.1 son menciones solapables, no sumables",selección taxonómica,HIGH,P0,W1,NO,"CardFilter no cubre dominio, keyword, controlador, zona, visibilidad ni coincidencia exacta de subtipo."
CAP-TAXONOMY-001,Dimensiones canónicas separadas,taxonomy,"Separa tipo funcional, rango, dominio, subtipo e identidad sin inferir raza por nombre o arte.",PARTIAL,N-TOKEN-01;N-LEGENDARY-02;N-LEGENDARY-04,docs/TOKEN_TYPES_MATRIX.md §§2-4; docs/CANONICAL_TAXONOMY.md §§2-5,,CAP-TARGET-002;CAP-TAXONOMY-002;CAP-TAXONOMY-003;CAP-KEYWORD-001;CAP-IMMUNITY-001;CAP-CATALOG-001,431 entradas: censo completo; tipos impresos totalizan exactamente 431,386 identidades / 45 variantes: conservar sin mezclar con entradas,TOKEN_TYPES_MATRIX §2 reproduce 431; incorporación de vocabulario sigue parcial,tipos; rangos; dominios; subtipos,HIGH,P0,W1,NO,
CAP-TAXONOMY-002,Leyenda y tipos impresos múltiples,taxonomy,Representa Leyenda autónoma y combinaciones impresas sin forzar un único CardKind.,BLOCKED,N-TOKEN-01,docs/TOKEN_TYPES_MATRIX.md §§2-4; docs/CANONICAL_TAXONOMY.md §§2-5,CAP-TAXONOMY-001,CAP-TARGET-002,431 entradas: subconjunto trazable de rótulos sin tipo original y clasificaciones múltiples; sin conteo exacto de desbloqueo,386 identidades: agregado exacto de estos subconjuntos no publicado; 45 variantes no reasignadas,selector trazable del corpus; conteo exacto omitido porque la agregación de capability no está publicada en CARD_CORPUS_CONFORMANCE.md,Leyenda; tipo original; doble clasificación,HIGH,P1,W-NORM,YES: significado de Leyenda y tipo original ausente,"No inventar el tipo desde nombre, arte o efecto."
CAP-TAXONOMY-003,"Vocabulario, aliases y procedencia de subtipos",taxonomy,Registro canónico trazable que conserva grafía y evita fusionar Pixy/Pixie sin autoridad.,PARTIAL,N-TOKEN-01,docs/TOKEN_TYPES_MATRIX.md §§2-4; docs/CANONICAL_TAXONOMY.md §§2-5,CAP-TAXONOMY-001,CAP-TARGET-002,431 entradas: alcance transversal; conteo exacto por capability no publicado,386 identidades / 45 variantes: impacto indirecto no sumado,15 familias enumeradas con conteos exactos por entradas en CARD_CORPUS_CONFORMANCE §3.1; no sumables por solapamiento,subtipos; aliases,MEDIUM,P1,W2,NO,
CAP-TIME-001,Preparación inicial,timing,"Baraja, roba seis, elige primero y proyecta manos de forma privada.",PARTIAL,N-PHASE-01,"docs/FANTASY_TOKENS_BACKEND_GAP_AUDIT.md §8; docs/audits/STATIC_RULE_COVERAGE_AUDIT_2026-09-03.md §§2,5-6; docs/UNIVERSAL_MECHANICS_MATRIX.md",CAP-ZONE-002;CAP-PRIVACY-001,CAP-TIME-002,431 entradas: alcance transversal; conteo exacto por capability no publicado,386 identidades / 45 variantes: impacto indirecto no sumado,regla global de partida; desbloqueo prerequisite,preparación,MEDIUM,P1,W2,YES: prioridad inicial no canónica,
CAP-TIME-002,Mulligan decreciente,timing,Comando/estado/replay para mulligan repetible de cinco a una carta.,MISSING,N-PHASE-02,"docs/FANTASY_TOKENS_BACKEND_GAP_AUDIT.md §8; docs/audits/STATIC_RULE_COVERAGE_AUDIT_2026-09-03.md §§2,5-6; docs/UNIVERSAL_MECHANICS_MATRIX.md",CAP-SECRET-002;CAP-TIME-001,CAP-TIME-003,431 entradas: alcance transversal; conteo exacto por capability no publicado,386 identidades / 45 variantes: impacto indirecto no sumado,regla global de partida; no conteo por carta,mulligan,HIGH,P1,W2,NO,Ausencia técnica: la regla de tamaños 5→1 sí está formulada; no confundir con detalles no fijados.
CAP-TIME-003,Secuencia y transición de fases,timing,Robo→Mantenimiento→Efectos→Combate→Legendaria→Descarte con guardas de salida.,PARTIAL,N-PHASE-03;N-PHASE-04;N-PHASE-05;N-PHASE-06;N-PHASE-07;N-LEGENDARY-01,"docs/FANTASY_TOKENS_BACKEND_GAP_AUDIT.md §8; docs/audits/STATIC_RULE_COVERAGE_AUDIT_2026-09-03.md §§2,5-6; docs/UNIVERSAL_MECHANICS_MATRIX.md",CAP-ACTION-001;CAP-ACTION-002;CAP-TIME-002;CAP-STACK-001;CAP-NORM-001,CAP-TIME-004;CAP-COMBAT-001,431 entradas: alcance transversal; conteo exacto por capability no publicado,386 identidades / 45 variantes: impacto indirecto no sumado,reglas globales y ventanas de 431 entradas; no conteo exacto por fase,fases; omisión; legendaria,HIGH,P0,W-NORM,YES: posición/ventanas exactas y efectos de omitir no están plenamente fijados,
CAP-TIME-004,Prioridad y ventanas de respuesta,timing,"Rota prioridad, cierra por pases y restringe acciones por fase/rol.",PARTIAL,N-PHASE-06;N-PHASE-08;N-PHASE-09;N-TOKEN-02,"docs/FANTASY_TOKENS_BACKEND_GAP_AUDIT.md §8; docs/audits/STATIC_RULE_COVERAGE_AUDIT_2026-09-03.md §§2,5-6; docs/UNIVERSAL_MECHANICS_MATRIX.md",CAP-ACTION-002;CAP-TIME-003;CAP-NORM-001,CAP-STACK-001;CAP-TRANSMUTE-002;CAP-COMBAT-001,431 entradas: alcance transversal; conteo exacto por capability no publicado,386 identidades / 45 variantes: impacto indirecto no sumado,infraestructura transversal; extremos normativos sin conteo de cartas,prioridad; Fase Pasiva; rápidos,CRITICAL,P0,W-NORM,"YES: «cualquier momento», primera prioridad y número de pases no son canónicos",
CAP-STACK-001,Pila LIFO,timing,"Apila acciones/efectos, permite respuestas y resuelve LIFO con replay y vista pública resumida.",SUPPORTED,N-PHASE-09,"docs/FANTASY_TOKENS_BACKEND_GAP_AUDIT.md §8; docs/audits/STATIC_RULE_COVERAGE_AUDIT_2026-09-03.md §§2,5-6; docs/UNIVERSAL_MECHANICS_MATRIX.md",CAP-ACTION-003;CAP-COST-002;CAP-TIME-004,CAP-ZONE-005;CAP-TIME-003;CAP-TRIGGER-001;CAP-IMMUNITY-001;CAP-EFFECT-001,431 entradas: alcance transversal; conteo exacto por capability no publicado,386 identidades / 45 variantes: impacto indirecto no sumado,infraestructura transversal; desbloqueo prerequisite,LIFO,CRITICAL,P0,W0,NO,
CAP-TRIGGER-001,Orden de triggers simultáneos,timing,Agrupa triggers simultáneos y persiste elector/orden antes de apilarlos.,PARTIAL,N-PHASE-04;N-PHASE-05;N-LEGENDARY-01,"docs/FANTASY_TOKENS_BACKEND_GAP_AUDIT.md §8; docs/audits/STATIC_RULE_COVERAGE_AUDIT_2026-09-03.md §§2,5-6; docs/UNIVERSAL_MECHANICS_MATRIX.md",CAP-SECRET-002;CAP-STACK-001,CAP-ZONE-005;CAP-COMBAT-004;CAP-EFFECT-003,431 entradas: alcance transversal; conteo exacto por capability no publicado,386 identidades / 45 variantes: impacto indirecto no sumado,selector triggers= del corpus; conteo exacto no agregado,triggers; legendaria,HIGH,P0,W2,YES: orden/primera prioridad de simultáneos no está definido en varios casos,
CAP-STATE-001,Estado derivado y recálculo,state,"Deriva criatura efectiva, Fuerza, keywords, destruible y elegibilidad; revalida sin persistir verdad paralela.",SUPPORTED,N-COMBAT-01;N-COMBAT-02;N-LEGENDARY-04,"docs/FANTASY_TOKENS_BACKEND_GAP_AUDIT.md §8; docs/audits/STATIC_RULE_COVERAGE_AUDIT_2026-09-03.md §§2,5-6; docs/UNIVERSAL_MECHANICS_MATRIX.md",CAP-ACTION-001,CAP-STATE-002;CAP-DAMAGE-001;CAP-DAMAGE-005;CAP-TRANSFORM-001;CAP-COMBAT-001;CAP-EFFECT-002,431 entradas: alcance transversal; conteo exacto por capability no publicado,386 identidades / 45 variantes: impacto indirecto no sumado,infraestructura transversal; prerequisite,Fuerza; aptitud; Señor,MEDIUM,P1,W2,NO,
CAP-STATE-002,Duraciones y limpieza,state,"Mantiene efectos permanentes, continuos y hasta fin de turno; limpia estado al salir del tablero.",SUPPORTED,N-TOKEN-03;N-ZONE-03,"docs/FANTASY_TOKENS_BACKEND_GAP_AUDIT.md §8; docs/audits/STATIC_RULE_COVERAGE_AUDIT_2026-09-03.md §§2,5-6; docs/UNIVERSAL_MECHANICS_MATRIX.md",CAP-ZONE-002;CAP-STATE-001,CAP-DAMAGE-002;CAP-TRANSFORM-001;CAP-TRANSFORM-002;CAP-KEYWORD-002;CAP-EFFECT-002;CAP-EFFECT-006,431 entradas: alcance transversal; conteo exacto por capability no publicado,386 identidades / 45 variantes: impacto indirecto no sumado,selector duración= del corpus; conteo exacto no agregado,duraciones; fin de turno,MEDIUM,P1,W2,NO,
CAP-DAMAGE-001,Daño y Heridas separados,damage,"Acumula daño en permanentes y Heridas en jugadores, con fuentes y acciones basadas en estado.",SUPPORTED,N-COMBAT-02,"docs/FANTASY_TOKENS_BACKEND_GAP_AUDIT.md §8; docs/audits/STATIC_RULE_COVERAGE_AUDIT_2026-09-03.md §§2,5-6; docs/UNIVERSAL_MECHANICS_MATRIX.md",CAP-STATE-001,CAP-DAMAGE-002;CAP-DAMAGE-003;CAP-COMBAT-001,431 entradas: alcance transversal; conteo exacto por capability no publicado,386 identidades / 45 variantes: impacto indirecto no sumado,selector DEAL_DAMAGE/DEAL_WOUNDS y combate; conteo exacto no agregado,daño; letal; heridas,HIGH,P0,W0,NO,
CAP-DAMAGE-002,Prevención tipada por causa y duración,damage,"Previene cantidad o todo el daño/Heridas según combate, procedencia, objetivo y duración.",PARTIAL,N-COMBAT-02;N-TOKEN-03,docs/CARD_CORPUS_CONFORMANCE.md §§1-4; docs/FANTASY_TOKENS_BACKEND_GAP_AUDIT.md §8,CAP-STATE-002;CAP-DAMAGE-001,CAP-COMBAT-001,431 entradas: alcance transversal; conteo exacto por capability no publicado,386 identidades / 45 variantes: impacto indirecto no sumado,selector PREVENT en filas PARTIAL/MISSING; intervalo trazable,prevención de daño; prevención de Heridas,HIGH,P0,W1,NO,Las reservas numéricas existen; falta prevención ilimitada filtrada por combate/procedencia.
CAP-DAMAGE-003,Destrucción,damage,"Resuelve destrucción explícita y letal con causa, target, reemplazos y acciones de estado.",SUPPORTED,N-COMBAT-02;N-LEGENDARY-02,"docs/FANTASY_TOKENS_BACKEND_GAP_AUDIT.md §8; docs/audits/STATIC_RULE_COVERAGE_AUDIT_2026-09-03.md §§2,5-6; docs/UNIVERSAL_MECHANICS_MATRIX.md",CAP-ZONE-002;CAP-DAMAGE-001,CAP-DAMAGE-004;CAP-DAMAGE-005,431 entradas: alcance transversal; conteo exacto por capability no publicado,386 identidades / 45 variantes: impacto indirecto no sumado,selector DESTROY del corpus; conteo exacto no agregado,destruir; daño letal,MEDIUM,P1,W2,NO,
CAP-DAMAGE-004,Regeneración,damage,"Consume escudo, evita destrucción, limpia daño y gira; respeta permiso de regenerar.",SUPPORTED,N-COMBAT-02;N-TOKEN-03,"docs/FANTASY_TOKENS_BACKEND_GAP_AUDIT.md §8; docs/audits/STATIC_RULE_COVERAGE_AUDIT_2026-09-03.md §§2,5-6; docs/UNIVERSAL_MECHANICS_MATRIX.md",CAP-DAMAGE-003,CAP-COMBAT-001,431 entradas: alcance transversal; conteo exacto por capability no publicado,386 identidades / 45 variantes: impacto indirecto no sumado,selector regeneración del corpus; conteo exacto no agregado,regenerar,MEDIUM,P1,W2,NO,
CAP-DAMAGE-005,Indestructibilidad,damage,"Keyword efectiva que impide destrucción/letal sin impedir sacrificio, Transmutación o Señor a Fuerza cero.",SUPPORTED,N-LEGENDARY-02;N-COMBAT-02,"docs/FANTASY_TOKENS_BACKEND_GAP_AUDIT.md §8; docs/audits/STATIC_RULE_COVERAGE_AUDIT_2026-09-03.md §§2,5-6; docs/UNIVERSAL_MECHANICS_MATRIX.md",CAP-STATE-001;CAP-DAMAGE-003,CAP-IMMUNITY-001,431 entradas: alcance transversal; conteo exacto por capability no publicado,386 identidades / 45 variantes: impacto indirecto no sumado,selector intrínsecas=INDESTRUCTIBLE; conteo exacto no agregado,Indestructible; Divino,MEDIUM,P1,W2,NO,
CAP-ATTACH-001,Anexos y Equipo,attachment,"Anexa Equipo, aplica bonificaciones y lo desanexa conservándolo cuando sale el huésped.",SUPPORTED,N-ZONE-03;N-COST-03,"docs/FANTASY_TOKENS_BACKEND_GAP_AUDIT.md §8; docs/audits/STATIC_RULE_COVERAGE_AUDIT_2026-09-03.md §§2,5-6; docs/UNIVERSAL_MECHANICS_MATRIX.md",CAP-COST-002;CAP-ZONE-002;CAP-ZONE-003,CAP-EFFECT-002,431 entradas: alcance transversal; conteo exacto por capability no publicado,386 identidades / 45 variantes: impacto indirecto no sumado,14 entradas de Equipo exactas en CARD_CORPUS_CONFORMANCE §3.2/TOKEN_TYPES_MATRIX; variantes de rango aparte,equipar; desanexar,MEDIUM,P1,W2,NO,
CAP-TRANSFORM-001,Convertirse en criatura,transformation,Cambia el perfil efectivo de un permanente sin sustituir su definición.,SUPPORTED,N-LEGENDARY-05,"docs/FANTASY_TOKENS_BACKEND_GAP_AUDIT.md §8; docs/audits/STATIC_RULE_COVERAGE_AUDIT_2026-09-03.md §§2,5-6; docs/UNIVERSAL_MECHANICS_MATRIX.md",CAP-STATE-001;CAP-STATE-002,CAP-COMBAT-002;CAP-COMBAT-003,431 entradas: alcance transversal; conteo exacto por capability no publicado,386 identidades / 45 variantes: impacto indirecto no sumado,selector transformación del corpus; conteo exacto no agregado,Señor de Reinos,MEDIUM,P1,W2,NO,
CAP-TRANSFORM-002,Copiar/transformar definición y modificar texto,transformation,Sobrescribe definición efectiva o parches manteniendo identidad/estado de instancia y duración.,SUPPORTED,N-TOKEN-03,"docs/FANTASY_TOKENS_BACKEND_GAP_AUDIT.md §8; docs/audits/STATIC_RULE_COVERAGE_AUDIT_2026-09-03.md §§2,5-6; docs/UNIVERSAL_MECHANICS_MATRIX.md",CAP-TARGET-001;CAP-STATE-002,CAP-EFFECT-003,431 entradas: alcance transversal; conteo exacto por capability no publicado,386 identidades / 45 variantes: impacto indirecto no sumado,selector COPY/TRANSFORM/MODIFY_TEXT; conteo exacto no agregado,copia; transformación; texto,MEDIUM,P1,W2,NO,
CAP-SEARCH-001,Búsqueda filtrada en zona,search,"Busca con filtro, propietario, zona, destino, revelación mínima, barajado y elección persistible.",PARTIAL,N-ZONE-02;N-TOKEN-01,"docs/FANTASY_TOKENS_BACKEND_GAP_AUDIT.md §8; docs/audits/STATIC_RULE_COVERAGE_AUDIT_2026-09-03.md §§2,5-6; docs/UNIVERSAL_MECHANICS_MATRIX.md; docs/CANONICAL_TAXONOMY.md §3",CAP-ZONE-002;CAP-PRIVACY-001;CAP-TARGET-002,CAP-SEARCH-002,431 entradas: alcance transversal; conteo exacto por capability no publicado,386 identidades / 45 variantes: impacto indirecto no sumado,selector búsquedas en corpus; conteo exacto no agregado,buscar; revelar; barajar,HIGH,P0,W1,NO,PendingSearch cubre una ruta; faltan combinaciones generales de audiencia/orden/top-N.
CAP-SEARCH-002,Revelar hasta coincidencia,search,"Procesa la cima en orden, separa aciertos/fallos y aplica política explícita de agotamiento.",SUPPORTED,N-ZONE-02;N-TOKEN-03,docs/audits/STATIC_RULE_COVERAGE_AUDIT_2026-09-03.md §3; docs/CARD_CORPUS_CONFORMANCE.md §4,CAP-ACTION-003;CAP-SECRET-001;CAP-SECRET-002;CAP-SEARCH-001,CAP-EFFECT-003,431 entradas: alcance transversal; conteo exacto por capability no publicado,386 identidades / 45 variantes: impacto indirecto no sumado,capacidad general probada; no promueve automáticamente entradas del corpus,REVEAL_UNTIL,MEDIUM,P1,W0,NO,"Incluye codec, snapshot y replay; una carta sigue requiriendo toda su semántica y catálogo."
CAP-SEARCH-003,"Top-N, fondo y reordenación",search,"Mira/revela N, elige subconjuntos, coloca al fondo y persiste el orden restante.",MISSING,N-ZONE-02;N-TOKEN-03,docs/CARD_CORPUS_CONFORMANCE.md §§1-4; docs/FANTASY_TOKENS_BACKEND_GAP_AUDIT.md §8,CAP-ZONE-003;CAP-SECRET-001;CAP-SECRET-002,CAP-EFFECT-003,431 entradas: alcance transversal; conteo exacto por capability no publicado,386 identidades / 45 variantes: impacto indirecto no sumado,selector top-N/fondo/reordenación en filas PARTIAL/MISSING,mirar; revelar; reordenar,HIGH,P0,W1,NO,
CAP-TRANSMUTE-001,Operación atómica de Transmutación,transmutation,"Mueve permanente propio, acredita coste impreso y encola ON_TRANSMUTED sin ventana intermedia.",SUPPORTED,N-TRANSMUTATION-01;N-COST-02,"docs/FANTASY_TOKENS_BACKEND_GAP_AUDIT.md §8; docs/audits/STATIC_RULE_COVERAGE_AUDIT_2026-09-03.md §§2,5-6; docs/UNIVERSAL_MECHANICS_MATRIX.md",CAP-ACTION-003;CAP-ZONE-004,CAP-TRANSMUTE-002,431 entradas: alcance transversal; conteo exacto por capability no publicado,386 identidades / 45 variantes: impacto indirecto no sumado,regla universal; selector ON_TRANSMUTED/transmutación del corpus,Transmutación; ON_TRANSMUTED,HIGH,P0,W0,NO,
CAP-TRANSMUTE-002,Ventanas por tipo de Transmutación,transmutation,Determina las «fases correspondientes» para cada tipo y rol del jugador.,BLOCKED,N-TRANSMUTATION-02;N-PHASE-08,"docs/FANTASY_TOKENS_BACKEND_GAP_AUDIT.md §8; docs/audits/STATIC_RULE_COVERAGE_AUDIT_2026-09-03.md §§2,5-6; docs/UNIVERSAL_MECHANICS_MATRIX.md",CAP-TIME-004;CAP-TRANSMUTE-001;CAP-NORM-001,,431 entradas: alcance transversal; conteo exacto por capability no publicado,386 identidades / 45 variantes: impacto indirecto no sumado,regla global; no conteo de entradas,Transmutación; fases,HIGH,P1,W-NORM,YES: la fuente no determina ventana por tipo,La implementación uniforme actual no resuelve la ambigüedad normativa.
CAP-COMBAT-001,Combate ordinario,combat,"Declara/gira atacantes y bloqueadores, abre respuestas y resuelve daño, letal y sobrante.",SUPPORTED,N-COMBAT-01;N-COMBAT-02;N-COMBAT-04,"docs/FANTASY_TOKENS_BACKEND_GAP_AUDIT.md §8; docs/audits/STATIC_RULE_COVERAGE_AUDIT_2026-09-03.md §§2,5-6; docs/UNIVERSAL_MECHANICS_MATRIX.md",CAP-TIME-003;CAP-TIME-004;CAP-STATE-001;CAP-DAMAGE-001;CAP-DAMAGE-002;CAP-DAMAGE-004,CAP-COMBAT-002;CAP-COMBAT-003;CAP-COMBAT-005;CAP-KEYWORD-001,431 entradas: alcance transversal; conteo exacto por capability no publicado,386 identidades / 45 variantes: impacto indirecto no sumado,regla transversal y selector combate; conteo exacto no agregado,ataque; bloqueo; daño,CRITICAL,P0,W0,NO,
CAP-COMBAT-002,Multibloqueo y asignación ordenada,combat,Admite varios bloqueadores pero requiere regla canónica para ordenar/repartir daño.,BLOCKED,N-COMBAT-03,"docs/FANTASY_TOKENS_BACKEND_GAP_AUDIT.md §8; docs/audits/STATIC_RULE_COVERAGE_AUDIT_2026-09-03.md §§2,5-6; docs/UNIVERSAL_MECHANICS_MATRIX.md",CAP-SECRET-002;CAP-TRANSFORM-001;CAP-COMBAT-001;CAP-NORM-001,CAP-KEYWORD-001,431 entradas: alcance transversal; conteo exacto por capability no publicado,386 identidades / 45 variantes: impacto indirecto no sumado,regla global; entradas de interacción no agregadas,multibloqueo; reparto de daño,CRITICAL,P0,W-NORM,YES: el PDF permite multibloqueo pero no fija orden/reparto,
CAP-COMBAT-003,Desafío,combat,"Una vez por turno, Señor criatura desafía objetivo elegible, sin giro automático ni sobrante.",SUPPORTED,N-LEGENDARY-07,"docs/FANTASY_TOKENS_BACKEND_GAP_AUDIT.md §8; docs/audits/STATIC_RULE_COVERAGE_AUDIT_2026-09-03.md §§2,5-6; docs/UNIVERSAL_MECHANICS_MATRIX.md",CAP-TRANSFORM-001;CAP-COMBAT-001,CAP-COMBAT-004,431 entradas: alcance transversal; conteo exacto por capability no publicado,386 identidades / 45 variantes: impacto indirecto no sumado,regla Mítica general; entradas Señor auditadas sin sumar variantes,Desafío,HIGH,P0,W0,NO,
CAP-COMBAT-004,Desafío iniciado por efecto/no-Señor,combat,Permite que un efecto declare Desafío con iniciador parametrizado sin el comando ordinario de Señor.,MISSING,N-LEGENDARY-07;N-TOKEN-03,docs/CARD_CORPUS_CONFORMANCE.md §§1-4; docs/FANTASY_TOKENS_BACKEND_GAP_AUDIT.md §8,CAP-TRIGGER-001;CAP-COMBAT-003,CAP-EFFECT-003,431 entradas: alcance transversal; conteo exacto por capability no publicado,386 identidades / 45 variantes: impacto indirecto no sumado,selector Desafío disparado en filas PARTIAL/MISSING; intervalo trazable,Desafío disparado,HIGH,P1,W2,NO,
CAP-COMBAT-005,Combate multijugador,combat,Selecciona defensor entre 2+ participantes y proyecta estado por jugador.,PARTIAL,N-COMBAT-05;N-COMBAT-06,"docs/FANTASY_TOKENS_BACKEND_GAP_AUDIT.md §8; docs/audits/STATIC_RULE_COVERAGE_AUDIT_2026-09-03.md §§2,5-6; docs/UNIVERSAL_MECHANICS_MATRIX.md",CAP-PRIVACY-001;CAP-COMBAT-001,CAP-COMBAT-006,431 entradas: alcance transversal; conteo exacto por capability no publicado,386 identidades / 45 variantes: impacto indirecto no sumado,regla de partida; no conteo por carta,2+ jugadores; defensor,HIGH,P1,W-NORM,YES: continuidad y algunas decisiones para 3+ no están definidas,
CAP-COMBAT-006,Terminación multijugador,combat,"Determina eliminación, continuidad, empate y ganadores para tres o más jugadores.",BLOCKED,N-COMBAT-06,"docs/FANTASY_TOKENS_BACKEND_GAP_AUDIT.md §8; docs/audits/STATIC_RULE_COVERAGE_AUDIT_2026-09-03.md §§2,5-6; docs/UNIVERSAL_MECHANICS_MATRIX.md",CAP-COMBAT-005;CAP-NORM-001,,431 entradas: alcance transversal; conteo exacto por capability no publicado,386 identidades / 45 variantes: impacto indirecto no sumado,regla de partida; no conteo por carta,derrota; concesión; empate,CRITICAL,P1,W-NORM,YES: el canon sólo cierra exactamente dos jugadores,
CAP-KEYWORD-001,Keywords nominales de combate,keyword,"Semántica tipada para Vuelo, Dureza, Intangible, Estampida, Cavar, Infectar, no girarse y ataque doble.",MISSING,N-COMBAT-01;N-TOKEN-03,docs/CARD_CORPUS_CONFORMANCE.md §§1-4; docs/FANTASY_TOKENS_BACKEND_GAP_AUDIT.md §8,CAP-TAXONOMY-001;CAP-COMBAT-001;CAP-COMBAT-002,CAP-KEYWORD-002;CAP-EFFECT-002,431 entradas: alcance transversal; conteo exacto por capability no publicado,386 identidades / 45 variantes: impacto indirecto no sumado,selector keywords/intrínsecas en 431 filas; conteo exacto no agregado,keywords impresas,CRITICAL,P0,W1,NO,Aceptar cadenas o tener CAN_CHALLENGE no implementa estas semánticas.
CAP-KEYWORD-002,Keywords concedidas y retiradas,keyword,"Compone keywords de definición, Equipo, continuos y parches con duración y procedencia.",PARTIAL,N-TOKEN-03,"docs/FANTASY_TOKENS_BACKEND_GAP_AUDIT.md §8; docs/audits/STATIC_RULE_COVERAGE_AUDIT_2026-09-03.md §§2,5-6; docs/UNIVERSAL_MECHANICS_MATRIX.md",CAP-STATE-002;CAP-KEYWORD-001,CAP-IMMUNITY-001,431 entradas: alcance transversal; conteo exacto por capability no publicado,386 identidades / 45 variantes: impacto indirecto no sumado,selector keywords y equipment_granted_keywords; impacto indirecto,conceder/retirar habilidad,HIGH,P1,W2,NO,
CAP-IMMUNITY-001,Inmunidades tipadas,immunity,"Evalúa predicados por tipo de fuente, habilidad, permanencia, controlador y clase de efecto.",PARTIAL,N-LEGENDARY-02;N-LEGENDARY-06,docs/CARD_CORPUS_CONFORMANCE.md §§1-4; docs/FANTASY_TOKENS_BACKEND_GAP_AUDIT.md §8,CAP-TARGET-001;CAP-TAXONOMY-001;CAP-STACK-001;CAP-DAMAGE-005;CAP-KEYWORD-002,CAP-EFFECT-001,431 entradas: alcance transversal; conteo exacto por capability no publicado,386 identidades / 45 variantes: impacto indirecto no sumado,selector inmunidad en filas PARTIAL/MISSING; conteo exacto no agregado,Divino; Evento; Recurso Rápido; habilidades,CRITICAL,P0,W1,YES: «a modo de Eventos» no fija clasificación completa,La inmunidad Divina específica está soportada; cadenas IMMUNE_* no constituyen predicado general completo.
CAP-EFFECT-001,Primitivas declarativas de efecto,effect,"Efectos tipados para daño/Heridas, Fuerza, giro, destrucción, regeneración, robo, Pasos, control y movimientos.",PARTIAL,N-TOKEN-03,"docs/FANTASY_TOKENS_BACKEND_GAP_AUDIT.md §8; docs/audits/STATIC_RULE_COVERAGE_AUDIT_2026-09-03.md §§2,5-6; docs/UNIVERSAL_MECHANICS_MATRIX.md",CAP-ACTION-001;CAP-TARGET-001;CAP-STACK-001;CAP-IMMUNITY-001,CAP-EFFECT-002;CAP-EFFECT-003,431 entradas: alcance transversal; conteo exacto por capability no publicado,386 identidades / 45 variantes: impacto indirecto no sumado,431 filas descompuestas por capacidades backend; 143 MISSING y 245 PARTIAL no se atribuyen a una única primitiva,efectos de texto,CRITICAL,P0,W1,NO,"Cobertura amplia, pero no intérprete general ni garantía de combinaciones completas."
CAP-EFFECT-002,Efectos continuos y estado derivado,effect,"Recalcula deltas, alcance, exclusiones, fases suprimidas y keywords mientras exista la fuente.",PARTIAL,N-TOKEN-03,"docs/FANTASY_TOKENS_BACKEND_GAP_AUDIT.md §8; docs/audits/STATIC_RULE_COVERAGE_AUDIT_2026-09-03.md §§2,5-6; docs/UNIVERSAL_MECHANICS_MATRIX.md",CAP-TARGET-002;CAP-STATE-001;CAP-STATE-002;CAP-ATTACH-001;CAP-KEYWORD-001;CAP-EFFECT-001,CAP-EFFECT-003,431 entradas: alcance transversal; conteo exacto por capability no publicado,386 identidades / 45 variantes: impacto indirecto no sumado,selector duración PERMANENTE/continuos; taxonomía pendiente impide cierre,continuos; supresión de fase,HIGH,P0,W1,NO,
CAP-EFFECT-003,Composición de efectos,effect,"Secuencia primitivas con condiciones, ramas, valores capturados, elecciones, atomicidad y visibilidad por paso.",MISSING,N-TOKEN-03,docs/CARD_CORPUS_CONFORMANCE.md §§1-4; docs/FANTASY_TOKENS_BACKEND_GAP_AUDIT.md §8,CAP-ACTION-003;CAP-COST-003;CAP-COST-005;CAP-COST-006;CAP-ZONE-003;CAP-ZONE-005;CAP-ZONE-006;CAP-SECRET-002;CAP-TRIGGER-001;CAP-TRANSFORM-002;CAP-SEARCH-002;CAP-SEARCH-003;CAP-COMBAT-004;CAP-EFFECT-001;CAP-EFFECT-002;CAP-EFFECT-005;CAP-EFFECT-006,CAP-EFFECT-004;CAP-CATALOG-001,431 entradas: selector residual de las 143 entradas MISSING; no equivale a 143 desbloqueos exclusivos,386 identidades: 132 MISSING agregadas; 45 variantes no se suman como identidades,CARD_CORPUS_CONFORMANCE resultado agregado + selector residual; direct/indirect/prerequisite separados,secuencias; condiciones; creación; control; zonas,CRITICAL,P0,W1,NO,No usar handlers por card_id; cada fila puede depender además de capabilities especializadas.
CAP-EFFECT-004,Creación de fichas/instancias,effect,"Crea instancias declarativas con definición, propietario, controlador, zona y estado inicial.",PARTIAL,N-TOKEN-01;N-TOKEN-03,docs/CARD_CORPUS_CONFORMANCE.md §§1-4; docs/FANTASY_TOKENS_BACKEND_GAP_AUDIT.md §8,CAP-ZONE-003;CAP-EFFECT-003,CAP-CATALOG-001,431 entradas: alcance transversal; conteo exacto por capability no publicado,386 identidades / 45 variantes: impacto indirecto no sumado,selector creación de fichas en filas PARTIAL/MISSING; intervalo trazable,crear fichas,HIGH,P1,W2,NO,
CAP-EFFECT-005,Descarte forzado con elector,effect,"Distingue quién elige cartas a descartar, zona, cardinalidad, revelación y causa.",MISSING,N-ZONE-02;N-PHASE-07;N-TOKEN-03,docs/CARD_CORPUS_CONFORMANCE.md §§1-4; docs/FANTASY_TOKENS_BACKEND_GAP_AUDIT.md §8,CAP-ZONE-003;CAP-SECRET-002,CAP-EFFECT-003,431 entradas: alcance transversal; conteo exacto por capability no publicado,386 identidades / 45 variantes: impacto indirecto no sumado,selector descarte forzado en filas PARTIAL/MISSING,descarte forzado,HIGH,P0,W1,NO,
CAP-EFFECT-006,Cambio de ownership/control,effect,Cambia control temporal/permanente sin alterar propietario y restaura cadenas inversas.,SUPPORTED,N-TOKEN-03;N-ZONE-03,"docs/FANTASY_TOKENS_BACKEND_GAP_AUDIT.md §8; docs/audits/STATIC_RULE_COVERAGE_AUDIT_2026-09-03.md §§2,5-6; docs/UNIVERSAL_MECHANICS_MATRIX.md",CAP-ZONE-001;CAP-STATE-002,CAP-EFFECT-003,431 entradas: alcance transversal; conteo exacto por capability no publicado,386 identidades / 45 variantes: impacto indirecto no sumado,selector CHANGE_CONTROL del corpus; conteo exacto no agregado,cambiar control,MEDIUM,P1,W2,NO,
CAP-CATALOG-001,Ingesta completa del corpus,catalog,"Publica sólo definiciones con tipo, texto, procedencia y semántica completos; no equipara representable con incorporada.",PARTIAL,N-TOKEN-01;N-TOKEN-03,docs/CARD_CORPUS_CONFORMANCE.md §§1-4; docs/FANTASY_TOKENS_BACKEND_GAP_AUDIT.md §8,CAP-TAXONOMY-001;CAP-EFFECT-003;CAP-EFFECT-004;CAP-NORM-002,,"431 entradas: 2 SUPPORTED, 245 PARTIAL, 143 MISSING, 41 AMBIGUOUS, 0 CONFLICT","386 identidades: 2 SUPPORTED, 212 PARTIAL, 132 MISSING, 40 AMBIGUOUS; 45 variantes descontadas",conteos exactos reproducibles de CARD_CORPUS_CONFORMANCE §2; estados documentales no se traducen automáticamente,catálogo; manifests; procedencia,CRITICAL,P0,W3,NO,"Los conteos de entradas, identidades y variantes se mantienen separados."
CAP-NORM-001,Resolución de ambigüedades editoriales,normative,Obtiene aclaración autoritativa para filas AMBIGUOUS sin elegir una interpretación técnica.,BLOCKED,N-PHASE-01..10;N-COMBAT-03;N-COMBAT-05..06;N-LEGENDARY-06;N-TRANSMUTATION-02,"docs/FANTASY_TOKENS_BACKEND_GAP_AUDIT.md §§3-4,8; docs/CARD_CORPUS_CONFORMANCE.md §2",,CAP-TIME-003;CAP-TIME-004;CAP-TRANSMUTE-002;CAP-COMBAT-002;CAP-COMBAT-006,431 entradas: 41 AMBIGUOUS,386 identidades: 40 AMBIGUOUS; 45 variantes se conservan aparte,"conteos exactos reproducibles de CARD_CORPUS_CONFORMANCE §2; desbloqueo normativo, no técnico",lecturas ambiguas,CRITICAL,P0,W-NORM,YES: requiere fuente normativa adicional,
CAP-NORM-002,Presupuesto de puntos Mítico,normative,Selecciona un techo de construcción entre cifras expresamente incompatibles.,BLOCKED,N-POINTS-01,"docs/FANTASY_TOKENS_BACKEND_GAP_AUDIT.md §§3.6,8; docs/audits/STATIC_RULE_COVERAGE_AUDIT_2026-09-03.md §2",,CAP-CATALOG-001,"431 entradas: regla de formato, no atribuible a cartas individuales",386 identidades / 45 variantes: no aplicable como desbloqueo mecánico individual,conflicto normativo trazable N-POINTS-01; sin conteo de desbloqueo,puntos de mazo,HIGH,P0,W-NORM,"YES: 200, 300–400, ≈300 y 300 son incompatibles como techo único",
